source_ticker,yahoo_ticker,name,as_of_date
NVDA,NVDA,NVIDIA CORP,2026-10-01
AAPL,AAPL,APPLE INC,2026-10-01
MSFT,MSFT,MICROSOFT CORP,2026-10-01
AMZN,AMZN,AMAZON.COM INC,2026-10-01
GOOGL,GOOGL,ALPHABET INC CL A,2026-10-01
AVGO,AVGO,BROADCOM INC,2026-10-01
META,META,META PLATFORMS INC CLASS A,2026-10-01
GOOG,GOOG,ALPHABET INC CL C,2026-10-01
MU,MU,MICRON TECHNOLOGY INC,2026-10-01
AMD,AMD,ADVANCED MICRO DEVICES,2026-10-01
TSLA,TSLA,TESLA INC,2026-10-01
BRK.B,BRK-B,BERKSHIRE HATHAWAY INC CL B,2026-10-01
LLY,LLY,ELI LILLY + CO,2026-10-01
JPM,JPM,JPMORGAN CHASE + CO,2026-10-01
XOM,XOM,EXXONMOBIL HOLDINGS CORP,2026-10-01
JNJ,JNJ,JOHNSON + JOHNSON,2026-10-01
V,V,VISA INC CLASS A SHARES,2026-10-01
INTC,INTC,INTEL CORP,2026-10-01
WMT,WMT,WALMART INC,2026-10-01
ABBV,ABBV,ABBVIE INC,2026-10-01
MA,MA,MASTERCARD INC   A,2026-10-01
PLTR,PLTR,PALANTIR TECHNOLOGIES INC A,2026-10-01
CSCO,CSCO,CISCO SYSTEMS INC,2026-10-01
LRCX,LRCX,LAM RESEARCH CORP,2026-10-01
AMAT,AMAT,APPLIED MATERIALS INC,2026-10-01
CVX,CVX,CHEVRON CORP,2026-10-01
COST,COST,COSTCO WHOLESALE CORP,2026-10-01
CAT,CAT,CATERPILLAR INC,2026-10-01
MRK,MRK,MERCK + CO. INC.,2026-10-01
BAC,BAC,BANK OF AMERICA CORP,2026-10-01
PG,PG,PROCTER + GAMBLE CO/THE,2026-10-01
KO,KO,COCA COLA CO/THE,2026-10-01
UNH,UNH,UNITEDHEALTH GROUP INC,2026-10-01
GE,GE,GENERAL ELECTRIC,2026-10-01
PANW,PANW,PALO ALTO NETWORKS INC,2026-10-01
PM,PM,PHILIP MORRIS INTERNATIONAL,2026-10-01
NFLX,NFLX,NETFLIX INC,2026-10-01
HD,HD,HOME DEPOT INC,2026-10-01
CRWD,CRWD,CROWDSTRIKE HOLDINGS INC   A,2026-10-01
GEV,GEV,GE VERNOVA INC,2026-10-01
KLAC,KLAC,KLA CORP,2026-10-01
GS,GS,GOLDMAN SACHS GROUP INC,2026-10-01
SNDK,SNDK,SANDISK CORP,2026-10-01
TXN,TXN,TEXAS INSTRUMENTS INC,2026-10-01
RTX,RTX,RTX CORP,2026-10-01
WFC,WFC,WELLS FARGO + CO,2026-10-01
TMO,TMO,THERMO FISHER SCIENTIFIC INC,2026-10-01
ORCL,ORCL,ORACLE CORP,2026-10-01
MRVL,MRVL,MARVELL TECHNOLOGY INC,2026-10-01
MS,MS,MORGAN STANLEY,2026-10-01
AMGN,AMGN,AMGEN INC,2026-10-01
LIN,LIN,LINDE PLC,2026-10-01
STX,STX,SEAGATE TECHNOLOGY HOLDINGS,2026-10-01
ANET,ANET,ARISTA NETWORKS INC,2026-10-01
C,C,CITIGROUP INC,2026-10-01
IBM,IBM,INTL BUSINESS MACHINES CORP,2026-10-01
APH,APH,AMPHENOL CORP CL A,2026-10-01
ADI,ADI,ANALOG DEVICES INC,2026-10-01
QCOM,QCOM,QUALCOMM INC,2026-10-01
CRM,CRM,SALESFORCE INC,2026-10-01
VZ,VZ,VERIZON COMMUNICATIONS INC,2026-10-01
GILD,GILD,GILEAD SCIENCES INC,2026-10-01
-,-,US DOLLAR,2026-10-01
DIS,DIS,WALT DISNEY CO/THE,2026-10-01
PEP,PEP,PEPSICO INC,2026-10-01
ETN,ETN,EATON CORP PLC,2026-10-01
DE,DE,DEERE + CO,2026-10-01
ABT,ABT,ABBOTT LABORATORIES,2026-10-01
WDC,WDC,WESTERN DIGITAL CORP,2026-10-01
T,T,AT+T INC,2026-10-01
MCD,MCD,MCDONALD S CORP,2026-10-01
DELL,DELL,DELL TECHNOLOGIES  C,2026-10-01
WELL,WELL,WELLTOWER INC,2026-10-01
UNP,UNP,UNION PACIFIC CORP,2026-10-01
PFE,PFE,PFIZER INC,2026-10-01
SCHW,SCHW,SCHWAB (CHARLES) CORP,2026-10-01
NEE,NEE,NEXTERA ENERGY INC,2026-10-01
AXP,AXP,AMERICAN EXPRESS CO,2026-10-01
BLK,BLK,BLACKROCK INC,2026-10-01
COP,COP,CONOCOPHILLIPS,2026-10-01
BA,BA,BOEING CO/THE,2026-10-01
TJX,TJX,TJX COMPANIES INC,2026-10-01
NOW,NOW,SERVICENOW INC,2026-10-01
ISRG,ISRG,INTUITIVE SURGICAL INC,2026-10-01
UBER,UBER,UBER TECHNOLOGIES INC,2026-10-01
DHR,DHR,DANAHER CORP,2026-10-01
ACN,ACN,ACCENTURE PLC CL A,2026-10-01
VRTX,VRTX,VERTEX PHARMACEUTICALS INC,2026-10-01
GLW,GLW,CORNING INC,2026-10-01
BMY,BMY,BRISTOL MYERS SQUIBB CO,2026-10-01
PGR,PGR,PROGRESSIVE CORP,2026-10-01
PH,PH,PARKER HANNIFIN CORP,2026-10-01
PLD,PLD,PROLOGIS INC,2026-10-01
NEM,NEM,NEWMONT CORP,2026-10-01
BKNG,BKNG,BOOKING HOLDINGS INC,2026-10-01
COF,COF,CAPITAL ONE FINANCIAL CORP,2026-10-01
MPC,MPC,MARATHON PETROLEUM CORP,2026-10-01
VLO,VLO,VALERO ENERGY CORP,2026-10-01
SPGI,SPGI,S+P GLOBAL INC,2026-10-01
CB,CB,CHUBB LTD,2026-10-01
MO,MO,ALTRIA GROUP INC,2026-10-01
MDT,MDT,MEDTRONIC PLC,2026-10-01
FTNT,FTNT,FORTINET INC,2026-10-01
CVS,CVS,CVS HEALTH CORP,2026-10-01
SBUX,SBUX,STARBUCKS CORP,2026-10-01
PSX,PSX,PHILLIPS 66,2026-10-01
ADP,ADP,AUTOMATIC DATA PROCESSING,2026-10-01
MCK,MCK,MCKESSON CORP,2026-10-01
LMT,LMT,LOCKHEED MARTIN CORP,2026-10-01
LOW,LOW,LOWE S COS INC,2026-10-01
TT,TT,TRANE TECHNOLOGIES PLC,2026-10-01
EQIX,EQIX,EQUINIX INC,2026-10-01
PWR,PWR,QUANTA SERVICES INC,2026-10-01
FCX,FCX,FREEPORT MCMORAN INC,2026-10-01
BNY,BNY,BANK OF NEW YORK MELLON CORP,2026-10-01
CDNS,CDNS,CADENCE DESIGN SYS INC,2026-10-01
SO,SO,SOUTHERN CO/THE,2026-10-01
ADBE,ADBE,ADOBE INC,2026-10-01
SYK,SYK,STRYKER CORP,2026-10-01
CME,CME,CME GROUP INC,2026-10-01
VRT,VRT,VERTIV HOLDINGS CO A,2026-10-01
SNPS,SNPS,SYNOPSYS INC,2026-10-01
LITE,LITE,LUMENTUM HOLDINGS INC,2026-10-01
DDOG,DDOG,DATADOG INC   CLASS A,2026-10-01
JCI,JCI,JOHNSON CONTROLS INTERNATION,2026-10-01
HWM,HWM,HOWMET AEROSPACE INC,2026-10-01
USB,USB,US BANCORP,2026-10-01
DUK,DUK,DUKE ENERGY CORP,2026-10-01
EMR,EMR,EMERSON ELECTRIC CO,2026-10-01
PNC,PNC,PNC FINANCIAL SERVICES GROUP,2026-10-01
HOOD,HOOD,ROBINHOOD MARKETS INC   A,2026-10-01
CSX,CSX,CSX CORP,2026-10-01
HPE,HPE,HEWLETT PACKARD ENTERPRISE,2026-10-01
CEG,CEG,CONSTELLATION ENERGY,2026-10-01
ICE,ICE,INTERCONTINENTAL EXCHANGE IN,2026-10-01
WMB,WMB,WILLIAMS COS INC,2026-10-01
GD,GD,GENERAL DYNAMICS CORP,2026-10-01
BX,BX,BLACKSTONE INC,2026-10-01
MMM,MMM,3M CO,2026-10-01
ELV,ELV,ELEVANCE HEALTH INC,2026-10-01
MRSH,MRSH,MARSH + MCLENNAN COS,2026-10-01
BE,BE,BLOOM ENERGY CORP  A,2026-10-01
TMUS,TMUS,T MOBILE US INC,2026-10-01
WBD,WBD,WARNER BROS DISCOVERY INC,2026-10-01
INTU,INTU,INTUIT INC,2026-10-01
CMCSA,CMCSA,COMCAST CORP CLASS A,2026-10-01
APP,APP,APPLOVIN CORP CLASS A,2026-10-01
MAR,MAR,MARRIOTT INTERNATIONAL  CL A,2026-10-01
TRV,TRV,TRAVELERS COS INC/THE,2026-10-01
AMT,AMT,AMERICAN TOWER CORP,2026-10-01
WM,WM,WASTE MANAGEMENT INC,2026-10-01
ROST,ROST,ROSS STORES INC,2026-10-01
EOG,EOG,EOG RESOURCES INC,2026-10-01
MSI,MSI,MOTOROLA SOLUTIONS INC,2026-10-01
MDLZ,MDLZ,MONDELEZ INTERNATIONAL INC A,2026-10-01
SHW,SHW,SHERWIN WILLIAMS CO/THE,2026-10-01
SLB,SLB,SLB LTD,2026-10-01
REGN,REGN,REGENERON PHARMACEUTICALS,2026-10-01
TGT,TGT,TARGET CORP,2026-10-01
CMI,CMI,CUMMINS INC,2026-10-01
HLT,HLT,HILTON WORLDWIDE HOLDINGS IN,2026-10-01
CI,CI,THE CIGNA GROUP,2026-10-01
UPS,UPS,UNITED PARCEL SERVICE CL B,2026-10-01
MRNA,MRNA,MODERNA INC,2026-10-01
NSC,NSC,NORFOLK SOUTHERN CORP,2026-10-01
GM,GM,GENERAL MOTORS CO,2026-10-01
ORLY,ORLY,O REILLY AUTOMOTIVE INC,2026-10-01
DASH,DASH,DOORDASH INC   A,2026-10-01
ECL,ECL,ECOLAB INC,2026-10-01
HON,HON,HONEYWELL INTERNATIONAL INC,2026-10-01
ITW,ITW,ILLINOIS TOOL WORKS,2026-10-01
CL,CL,COLGATE PALMOLIVE CO,2026-10-01
CTAS,CTAS,CINTAS CORP,2026-10-01
ABNB,ABNB,AIRBNB INC CLASS A,2026-10-01
RCL,RCL,ROYAL CARIBBEAN CRUISES LTD,2026-10-01
MPWR,MPWR,MONOLITHIC POWER SYSTEMS INC,2026-10-01
MCO,MCO,MOODY S CORP,2026-10-01
AEP,AEP,AMERICAN ELECTRIC POWER,2026-10-01
TER,TER,TERADYNE INC,2026-10-01
SPG,SPG,SIMON PROPERTY GROUP INC,2026-10-01
NOC,NOC,NORTHROP GRUMMAN CORP,2026-10-01
URI,URI,UNITED RENTALS INC,2026-10-01
KEYS,KEYS,KEYSIGHT TECHNOLOGIES IN,2026-10-01
KKR,KKR,KKR + CO INC,2026-10-01
FDX,FDX,FEDEX CORP,2026-10-01
TEL,TEL,TE CONNECTIVITY PLC,2026-10-01
COHR,COHR,COHERENT CORP,2026-10-01
BSX,BSX,BOSTON SCIENTIFIC CORP,2026-10-01
HCA,HCA,HCA HEALTHCARE INC,2026-10-01
DLR,DLR,DIGITAL REALTY TRUST INC,2026-10-01
APD,APD,AIR PRODUCTS + CHEMICALS INC,2026-10-01
TDG,TDG,TRANSDIGM GROUP INC,2026-10-01
NXPI,NXPI,NXP SEMICONDUCTORS NV,2026-10-01
MNST,MNST,MONSTER BEVERAGE CORP,2026-10-01
KMI,KMI,KINDER MORGAN INC,2026-10-01
TRGP,TRGP,TARGA RESOURCES CORP,2026-10-01
AJG,AJG,ARTHUR J GALLAGHER + CO,2026-10-01
FIX,FIX,COMFORT SYSTEMS USA INC,2026-10-01
COR,COR,CENCORA INC,2026-10-01
AON,AON,AON PLC CLASS A,2026-10-01
PCAR,PCAR,PACCAR INC,2026-10-01
FAST,FAST,FASTENAL CO,2026-10-01
AME,AME,AMETEK INC,2026-10-01
ALL,ALL,ALLSTATE CORP,2026-10-01
TFC,TFC,TRUIST FINANCIAL CORP,2026-10-01
GWW,GWW,WW GRAINGER INC,2026-10-01
BKR,BKR,BAKER HUGHES CO,2026-10-01
OKE,OKE,ONEOK INC,2026-10-01
CRH,CRH,CRH PLC,2026-10-01
APO,APO,APOLLO GLOBAL MANAGEMENT INC,2026-10-01
CIEN,CIEN,CIENA CORP,2026-10-01
D,D,DOMINION ENERGY INC,2026-10-01
NUE,NUE,NUCOR CORP,2026-10-01
CAH,CAH,CARDINAL HEALTH INC,2026-10-01
DVN,DVN,DEVON ENERGY CORP,2026-10-01
SRE,SRE,SEMPRA,2026-10-01
O,O,REALTY INCOME CORP,2026-10-01
MET,MET,METLIFE INC,2026-10-01
DAL,DAL,DELTA AIR LINES INC,2026-10-01
AFL,AFL,AFLAC INC,2026-10-01
ROK,ROK,ROCKWELL AUTOMATION INC,2026-10-01
EW,EW,EDWARDS LIFESCIENCES CORP,2026-10-01
HONA,HONA,HONEYWELL AEROSPACE INC,2026-10-01
WAB,WAB,WABTEC CORP,2026-10-01
BDX,BDX,BECTON DICKINSON AND CO,2026-10-01
F,F,FORD MOTOR CO,2026-10-01
STT,STT,STATE STREET CORP,2026-10-01
PSA,PSA,PUBLIC STORAGE,2026-10-01
A,A,AGILENT TECHNOLOGIES INC,2026-10-01
ETR,ETR,ENTERGY CORP,2026-10-01
GRMN,GRMN,GARMIN LTD,2026-10-01
VYLR,VYLR,VYLOR INC,2026-10-01
AZO,AZO,AUTOZONE INC,2026-10-01
HUM,HUM,HUMANA INC,2026-10-01
FITB,FITB,FIFTH THIRD BANCORP,2026-10-01
CARR,CARR,CARRIER GLOBAL CORP,2026-10-01
CVNA,CVNA,CARVANA CO,2026-10-01
PYPL,PYPL,PAYPAL HOLDINGS INC,2026-10-01
ADSK,ADSK,AUTODESK INC,2026-10-01
P,P,EVERPURE INC A,2026-10-01
LHX,LHX,L3HARRIS TECHNOLOGIES INC,2026-10-01
XEL,XEL,XCEL ENERGY INC,2026-10-01
VST,VST,VISTRA CORP,2026-10-01
AMP,AMP,AMERIPRISE FINANCIAL INC,2026-10-01
VMRK,VMRK,VIVMARK RESIDENTIAL,2026-10-01
VTR,VTR,VENTAS INC,2026-10-01
FERG,FERG,FERGUSON ENTERPRISES INC,2026-10-01
IQV,IQV,IQVIA HOLDINGS INC,2026-10-01
MCHP,MCHP,MICROCHIP TECHNOLOGY INC,2026-10-01
EBAY,EBAY,EBAY INC,2026-10-01
NKE,NKE,NIKE INC  CL B,2026-10-01
COIN,COIN,COINBASE GLOBAL INC  CLASS A,2026-10-01
NTAP,NTAP,NETAPP INC,2026-10-01
VEEV,VEEV,VEEVA SYSTEMS INC CLASS A,2026-10-01
OXY,OXY,OCCIDENTAL PETROLEUM CORP,2026-10-01
KDP,KDP,KEURIG DR PEPPER INC,2026-10-01
WAT,WAT,WATERS CORP,2026-10-01
EXC,EXC,EXELON CORP,2026-10-01
FLEX,FLEX,FLEX LTD,2026-10-01
IDXX,IDXX,IDEXX LABORATORIES INC,2026-10-01
CMG,CMG,CHIPOTLE MEXICAN GRILL INC,2026-10-01
NDAQ,NDAQ,NASDAQ INC,2026-10-01
RSG,RSG,REPUBLIC SERVICES INC,2026-10-01
ILMN,ILMN,ILLUMINA INC,2026-10-01
XYZ,XYZ,BLOCK INC,2026-10-01
MSCI,MSCI,MSCI INC,2026-10-01
AIG,AIG,AMERICAN INTERNATIONAL GROUP,2026-10-01
PRU,PRU,PRUDENTIAL FINANCIAL INC,2026-10-01
IBKR,IBKR,INTERACTIVE BROKERS GRO CL A,2026-10-01
ADM,ADM,ARCHER DANIELS MIDLAND CO,2026-10-01
ED,ED,CONSOLIDATED EDISON INC,2026-10-01
FANG,FANG,DIAMONDBACK ENERGY INC,2026-10-01
WDAY,WDAY,WORKDAY INC CLASS A,2026-10-01
YUM,YUM,YUM  BRANDS INC,2026-10-01
CBRE,CBRE,CBRE GROUP INC   A,2026-10-01
SYY,SYY,SYSCO CORP,2026-10-01
UAL,UAL,UNITED AIRLINES HOLDINGS INC,2026-10-01
TTWO,TTWO,TAKE TWO INTERACTIVE SOFTWRE,2026-10-01
ROP,ROP,ROPER TECHNOLOGIES INC,2026-10-01
DHI,DHI,DR HORTON INC,2026-10-01
AXON,AXON,AXON ENTERPRISE INC,2026-10-01
HIG,HIG,HARTFORD INSURANCE GROUP INC,2026-10-01
PEG,PEG,PUBLIC SERVICE ENTERPRISE GP,2026-10-01
EME,EME,EMCOR GROUP INC,2026-10-01
KR,KR,KROGER CO,2026-10-01
ODFL,ODFL,OLD DOMINION FREIGHT LINE,2026-10-01
WEC,WEC,WEC ENERGY GROUP INC,2026-10-01
KVUE,KVUE,KENVUE INC,2026-10-01
IRM,IRM,IRON MOUNTAIN INC,2026-10-01
BIIB,BIIB,BIOGEN INC,2026-10-01
DXCM,DXCM,DEXCOM INC,2026-10-01
PAYX,PAYX,PAYCHEX INC,2026-10-01
CCL,CCL,CARNIVAL CORP LTD,2026-10-01
ACGL,ACGL,ARCH CAPITAL GROUP LTD,2026-10-01
RMD,RMD,RESMED INC,2026-10-01
VMC,VMC,VULCAN MATERIALS CO,2026-10-01
JBL,JBL,JABIL INC,2026-10-01
EQT,EQT,EQT CORP,2026-10-01
KMB,KMB,KIMBERLY CLARK CORP,2026-10-01
MTB,MTB,M + T BANK CORP,2026-10-01
ON,ON,ON SEMICONDUCTOR,2026-10-01
NTRS,NTRS,NORTHERN TRUST CORP,2026-10-01
HBAN,HBAN,HUNTINGTON BANCSHARES INC,2026-10-01
STLD,STLD,STEEL DYNAMICS INC,2026-10-01
EXPE,EXPE,EXPEDIA GROUP INC,2026-10-01
CNC,CNC,CENTENE CORP,2026-10-01
MTD,MTD,METTLER TOLEDO INTERNATIONAL,2026-10-01
HPQ,HPQ,HP INC,2026-10-01
CBOE,CBOE,CBOE GLOBAL MARKETS INC,2026-10-01
GEHC,GEHC,GE HEALTHCARE TECHNOLOGY,2026-10-01
MLM,MLM,MARTIN MARIETTA MATERIALS,2026-10-01
ZTS,ZTS,ZOETIS INC,2026-10-01
TDY,TDY,TELEDYNE TECHNOLOGIES INC,2026-10-01
EXR,EXR,EXTRA SPACE STORAGE INC,2026-10-01
CCI,CCI,CROWN CASTLE INC,2026-10-01
RJF,RJF,RAYMOND JAMES FINANCIAL INC,2026-10-01
AEE,AEE,AMEREN CORPORATION,2026-10-01
WSM,WSM,WILLIAMS SONOMA INC,2026-10-01
CTSH,CTSH,COGNIZANT TECH SOLUTIONS A,2026-10-01
WTW,WTW,WILLIS TOWERS WATSON PLC,2026-10-01
CFG,CFG,CITIZENS FINANCIAL GROUP,2026-10-01
Q,Q,QNITY ELECTRONICS INC,2026-10-01
PCG,PCG,P G + E CORP,2026-10-01
HAL,HAL,HALLIBURTON CO,2026-10-01
LYV,LYV,LIVE NATION ENTERTAINMENT IN,2026-10-01
ATO,ATO,ATMOS ENERGY CORP,2026-10-01
DG,DG,DOLLAR GENERAL CORP,2026-10-01
ARES,ARES,ARES MANAGEMENT CORP   A,2026-10-01
WST,WST,WEST PHARMACEUTICAL SERVICES,2026-10-01
IR,IR,INGERSOLL RAND INC,2026-10-01
DTE,DTE,DTE ENERGY COMPANY,2026-10-01
DGX,DGX,QUEST DIAGNOSTICS INC,2026-10-01
CPAY,CPAY,CORPAY INC,2026-10-01
DOV,DOV,DOVER CORP,2026-10-01
AWK,AWK,AMERICAN WATER WORKS CO INC,2026-10-01
FFIV,FFIV,F5 INC,2026-10-01
VICI,VICI,VICI PROPERTIES INC,2026-10-01
CINF,CINF,CINCINNATI FINANCIAL CORP,2026-10-01
HUBB,HUBB,HUBBELL INC,2026-10-01
PPL,PPL,PPL CORP,2026-10-01
EXPD,EXPD,EXPEDITORS INTL WASH INC,2026-10-01
LH,LH,LABCORP HOLDINGS INC,2026-10-01
OTIS,OTIS,OTIS WORLDWIDE CORP,2026-10-01
CNP,CNP,CENTERPOINT ENERGY INC,2026-10-01
FISV,FISV,FISERV INC,2026-10-01
ES,ES,EVERSOURCE ENERGY,2026-10-01
SMCI,SMCI,SUPER MICRO COMPUTER INC,2026-10-01
TPR,TPR,TAPESTRY INC,2026-10-01
XYL,XYL,XYLEM INC,2026-10-01
PPG,PPG,PPG INDUSTRIES INC,2026-10-01
VRSN,VRSN,VERISIGN INC,2026-10-01
HSY,HSY,HERSHEY CO/THE,2026-10-01
SYF,SYF,SYNCHRONY FINANCIAL,2026-10-01
RF,RF,REGIONS FINANCIAL CORP,2026-10-01
VLTO,VLTO,VERALTO CORP,2026-10-01
ULTA,ULTA,ULTA BEAUTY INC,2026-10-01
CASY,CASY,CASEY S GENERAL STORES INC,2026-10-01
CPRT,CPRT,COPART INC,2026-10-01
TROW,TROW,T ROWE PRICE GROUP INC,2026-10-01
FE,FE,FIRSTENERGY CORP,2026-10-01
SW,SW,SMURFIT WESTROCK PLC,2026-10-01
DRI,DRI,DARDEN RESTAURANTS INC,2026-10-01
CHD,CHD,CHURCH + DWIGHT CO INC,2026-10-01
EL,EL,ESTEE LAUDER COMPANIES CL A,2026-10-01
VRSK,VRSK,VERISK ANALYTICS INC,2026-10-01
DLTR,DLTR,DOLLAR TREE INC,2026-10-01
PFG,PFG,PRINCIPAL FINANCIAL GROUP,2026-10-01
RDDT,RDDT,REDDIT INC CL A,2026-10-01
PHM,PHM,PULTEGROUP INC,2026-10-01
IFF,IFF,INTL FLAVORS + FRAGRANCES,2026-10-01
EIX,EIX,EDISON INTERNATIONAL,2026-10-01
STE,STE,STERIS PLC,2026-10-01
NRG,NRG,NRG ENERGY INC,2026-10-01
LUV,LUV,SOUTHWEST AIRLINES CO,2026-10-01
OMC,OMC,OMNICOM GROUP,2026-10-01
PKG,PKG,PACKAGING CORP OF AMERICA,2026-10-01
VTRS,VTRS,VIATRIS INC,2026-10-01
CMS,CMS,CMS ENERGY CORP,2026-10-01
INCY,INCY,INCYTE CORP,2026-10-01
DOW,DOW,DOW INC,2026-10-01
EXE,EXE,EXPAND ENERGY CORP,2026-10-01
TPL,TPL,TEXAS PACIFIC LAND CORP,2026-10-01
KHC,KHC,KRAFT HEINZ CO/THE,2026-10-01
AMCR,AMCR,AMCOR PLC,2026-10-01
SNA,SNA,SNAP ON INC,2026-10-01
NI,NI,NISOURCE INC,2026-10-01
FSLR,FSLR,FIRST SOLAR INC,2026-10-01
BR,BR,BROADRIDGE FINANCIAL SOLUTIO,2026-10-01
EVRG,EVRG,EVERGY INC,2026-10-01
KEY,KEY,KEYCORP,2026-10-01
CHRW,CHRW,C.H. ROBINSON WORLDWIDE INC,2026-10-01
ZBRA,ZBRA,ZEBRA TECHNOLOGIES CORP CL A,2026-10-01
GPN,GPN,GLOBAL PAYMENTS INC,2026-10-01
BRO,BRO,BROWN + BROWN INC,2026-10-01
DD,DD,DUPONT DE NEMOURS INC,2026-10-01
NDSN,NDSN,NORDSON CORP,2026-10-01
ESS,ESS,ESSEX PROPERTY TRUST INC,2026-10-01
CF,CF,CF INDUSTRIES HOLDINGS INC,2026-10-01
BBY,BBY,BEST BUY CO INC,2026-10-01
L,L,LOEWS CORP,2026-10-01
GPC,GPC,GENUINE PARTS CO,2026-10-01
IP,IP,INTERNATIONAL PAPER CO,2026-10-01
FIS,FIS,FIDELITY NATIONAL INFO SERV,2026-10-01
FTV,FTV,FORTIVE CORP,2026-10-01
IEX,IEX,IDEX CORP,2026-10-01
STZ,STZ,CONSTELLATION BRANDS INC A,2026-10-01
JBHT,JBHT,HUNT (JB) TRANSPRT SVCS INC,2026-10-01
GIS,GIS,GENERAL MILLS INC,2026-10-01
CDW,CDW,CDW CORP/DE,2026-10-01
SBAC,SBAC,SBA COMMUNICATIONS CORP,2026-10-01
ZBH,ZBH,ZIMMER BIOMET HOLDINGS INC,2026-10-01
BG,BG,BUNGE GLOBAL SA,2026-10-01
TSCO,TSCO,TRACTOR SUPPLY COMPANY,2026-10-01
RVTY,RVTY,REVVITY INC,2026-10-01
J,J,JACOBS SOLUTIONS INC,2026-10-01
EFX,EFX,EQUIFAX INC,2026-10-01
LNT,LNT,ALLIANT ENERGY CORP,2026-10-01
LEN,LEN,LENNAR CORP A,2026-10-01
PTC,PTC,PTC INC,2026-10-01
WRB,WRB,WR BERKLEY CORP,2026-10-01
AKAM,AKAM,AKAMAI TECHNOLOGIES INC,2026-10-01
HST,HST,HOST HOTELS + RESORTS INC,2026-10-01
LDOS,LDOS,LEIDOS HOLDINGS INC,2026-10-01
APA,APA,APA CORP,2026-10-01
NVR,NVR,NVR INC,2026-10-01
BALL,BALL,BALL CORP,2026-10-01
KIM,KIM,KIMCO REALTY CORP,2026-10-01
LYB,LYB,LYONDELLBASELL INDU CL A,2026-10-01
TSN,TSN,TYSON FOODS INC CL A,2026-10-01
FICO,FICO,FAIR ISAAC CORP,2026-10-01
INVH,INVH,INVITATION HOMES INC,2026-10-01
CRL,CRL,CHARLES RIVER LABORATORIES,2026-10-01
RL,RL,RALPH LAUREN CORP,2026-10-01
MAA,MAA,MID AMERICA APARTMENT COMM,2026-10-01
IVZ,IVZ,INVESCO LTD,2026-10-01
DOC,DOC,HEALTHPEAK PROPERTIES INC,2026-10-01
TRMB,TRMB,TRIMBLE INC,2026-10-01
TXT,TXT,TEXTRON INC,2026-10-01
SWK,SWK,STANLEY BLACK + DECKER INC,2026-10-01
WY,WY,WEYERHAEUSER CO,2026-10-01
MAS,MAS,MASCO CORP,2026-10-01
FDXF,FDXF,FEDEX FREIGHT HOLDING CO,2026-10-01
AIZ,AIZ,ASSURANT INC,2026-10-01
AVY,AVY,AVERY DENNISON CORP,2026-10-01
EG,EG,EVEREST GROUP LTD,2026-10-01
ALLE,ALLE,ALLEGION PLC,2026-10-01
GL,GL,GLOBE LIFE INC,2026-10-01
SOLV,SOLV,SOLVENTUM CORP,2026-10-01
HAS,HAS,HASBRO INC,2026-10-01
TYL,TYL,TYLER TECHNOLOGIES INC,2026-10-01
SWKS,SWKS,SKYWORKS SOLUTIONS INC,2026-10-01
CHTR,CHTR,CHARTER COMMUNICATIONS INC A,2026-10-01
ALB,ALB,ALBEMARLE CORP,2026-10-01
SJM,SJM,JM SMUCKER CO/THE,2026-10-01
BAX,BAX,BAXTER INTERNATIONAL INC,2026-10-01
GDDY,GDDY,GODADDY INC   CLASS A,2026-10-01
FOXA,FOXA,FOX CORP   CLASS A,2026-10-01
ECHO,ECHO,ECHOSTAR CORP A,2026-10-01
GNRC,GNRC,GENERAC HOLDINGS INC,2026-10-01
IT,IT,GARTNER INC,2026-10-01
GEN,GEN,GEN DIGITAL INC,2026-10-01
REG,REG,REGENCY CENTERS CORP,2026-10-01
PNW,PNW,PINNACLE WEST CAPITAL,2026-10-01
LII,LII,LENNOX INTERNATIONAL INC,2026-10-01
TECH,TECH,BIO TECHNE CORP,2026-10-01
CSGP,CSGP,COSTAR GROUP INC,2026-10-01
MKC,MKC,MCCORMICK + CO NON VTG SHRS,2026-10-01
COO,COO,COOPER COS INC/THE,2026-10-01
HII,HII,HUNTINGTON INGALLS INDUSTRIE,2026-10-01
DECK,DECK,DECKERS OUTDOOR CORP,2026-10-01
AES,AES,AES CORP,2026-10-01
NWSA,NWSA,NEWS CORP   CLASS A,2026-10-01
TKO,TKO,TKO GROUP HOLDINGS INC,2026-10-01
JKHY,JKHY,JACK HENRY + ASSOCIATES INC,2026-10-01
LULU,LULU,LULULEMON ATHLETICA INC,2026-10-01
UDR,UDR,UDR INC,2026-10-01
FDS,FDS,FACTSET RESEARCH SYSTEMS INC,2026-10-01
CLX,CLX,CLOROX COMPANY,2026-10-01
DPZ,DPZ,DOMINO S PIZZA INC,2026-10-01
CPT,CPT,CAMDEN PROPERTY TRUST,2026-10-01
BXP,BXP,BXP INC,2026-10-01
ALGN,ALGN,ALIGN TECHNOLOGY INC,2026-10-01
BEN,BEN,FRANKLIN TEMPLETON INC,2026-10-01
LVS,LVS,LAS VEGAS SANDS CORP,2026-10-01
APTV,APTV,APTIV PLC,2026-10-01
PODD,PODD,INSULET CORP,2026-10-01
UHS,UHS,UNIVERSAL HEALTH SERVICES B,2026-10-01
ROL,ROL,ROLLINS INC,2026-10-01
PNR,PNR,PENTAIR PLC,2026-10-01
FRT,FRT,FEDERAL REALTY INVS TRUST,2026-10-01
CTVA,CTVA,CORTEVA INC,2026-10-01
HSIC,HSIC,HENRY SCHEIN INC,2026-10-01
FOX,FOX,FOX CORP   CLASS B,2026-10-01
ARE,ARE,ALEXANDRIA REAL ESTATE EQUIT,2026-10-01
MOS,MOS,MOSAIC CO/THE,2026-10-01
NCLH,NCLH,NORWEGIAN CRUISE LINE HOLDIN,2026-10-01
AOS,AOS,SMITH (A.O.) CORP,2026-10-01
DVA,DVA,DAVITA INC,2026-10-01
HRL,HRL,HORMEL FOODS CORP,2026-10-01
ERIE,ERIE,ERIE INDEMNITY COMPANY CL A,2026-10-01
WYNN,WYNN,WYNN RESORTS LTD,2026-10-01
MGM,MGM,MGM RESORTS INTERNATIONAL,2026-10-01
PSKY,PSKY,PARAMOUNT SKYDANCE CL B,2026-10-01
BF.B,BF-B,BROWN FORMAN CORP CLASS B,2026-10-01
NWS,NWS,NEWS CORP   CLASS B,2026-10-01
2602335D,2602335D,TPG INC,2026-10-01
